ENTRY_NAME,Overall Quality,Spring Green Up,Summer Patch,Genetic Color,Uniformity,Texture,Density
Bombay (GO-22B23),0.7349710911666670,0.9092395686983330,0.438874010905,0.6257517766983330,0.9629121531833330,0.46208240369995000,0.57565122769
A10-280,0.60732060845,0.27072954203641700,-0.24493308043466700,0.32181015354,0.35243122613483300,0.6978422095,0.6307513369
Cloud (GO-2425),0.5996297979666670,0.49272937818950000,0.4463835663,0.622542808615,0.7558323043500000,0.4288169580521670,0.58929974748
Star (GO-2628),0.5247378338283330,0.5287698604935000,0.4506685895166670,0.6874958565633330,0.9137408486000000,0.4819493609885,0.34327076474316700
Yellowstone (A12-7),0.5107281165525000,0.04144617227136670,0.08695340471856670,-0.004895688676083330,-0.5797681151566670,-0.035209524990387,-0.14810974638416700
A11-26,0.48802419275395200,-0.19816035495766700,0.08264777103523330,0.7017335568366670,1.0563219892333300,0.2215473186395,0.33247046452466700
Dublin (PST-K15-157),0.4505853077758330,-0.07981072276083330,-0.039162393987816700,-0.30260236237283300,-0.7248049810000000,-0.09133655970581670,-0.4053382389468330
NAI-14-122,0.42140795173,0.11812846528183300,0.22092802779503300,0.1277094760349,-0.8186697725000000,-0.30917067512,-0.441424418433
DLFPS-340/3494,0.4182120734131670,-0.8614107563091670,0.10140578875742,-1.13943518695,-1.3821723658333300,0.0694922804246,0.18898014087492200
PPG-KB 1320,0.41273194329850000,-1.2666600792533300,-0.15811576433013300,-0.9382455516706670,-2.1377376283333300,-1.0786317316333300,-1.1120060551666700
AKB3179,0.41111934443616700,0.6252243711253330,-0.14389682965068300,0.7922178956,-0.27768045166321,-0.005123954103556670,-0.5413462060916670
Skye,0.39569476779083300,0.6189765562766670,0.3200647218476670,0.519423625305,0.5858418196716670,0.3432923649095,0.3844029981076670
Electric (PST-K11-118),0.37596276024166700,1.09910766235,0.051562322094183300,0.7151031040666670,-0.001367029440683330,0.2576110860829670,0.3115116897751670
Amaze (NAI-14-133),0.37478316114916700,-0.0318070337344,0.14361359842272700,-0.11855057357541700,-0.3624147090943330,-0.3470672780588330,-0.5003502414133330
Barserati (BAR PP 110358),0.37030963765583300,1.5590443833833300,-0.18988659619938300,1.02633036395,1.0872920339166700,0.7135900176333330,0.930867294
PST-11-7,0.36470809447883300,-1.3926524979883300,-0.48433134629000000,0.105661426412,-1.1005337771666700,0.11223793874833300,-0.43931244414833300
New Moon (PST-K15-177),0.36058649507246700,-0.41226194894932700,0.42490322267,-0.5753700795033330,-0.9290677074333330,-0.09484586706371670,-0.599570666395
J-1319,0.34244109907666700,-0.8709664075213330,-0.3377480292633330,-1.2786362657500000,-0.41222456267,-0.380939723177,-0.12339608993025000
AKB3128,0.3361475459050670,0.8242226506314830,-0.06878895877370330,0.47885897745833300,0.31654401430486700,0.018911752727633300,0.04233109204366670
PST-T14-39,0.30308711865983300,-1.1544126781333300,0.053038800038333300,-0.17549264258905500,-0.07884037213588330,0.11855845916133300,0.3022389464265
Finish Line (NAI-14-178),0.2989451313590170,-0.6351399206713330,-0.24506653117233300,-1.145946565005,-0.2946767575043330,-0.21798815564956700,-0.5558762419783330
NAI-14-132,0.28384465592572200,0.5744168013291670,0.10123580384998300,0.00209087023975,-0.5156136194916670,-0.565738229145,-0.7396314732156670
Prosperity,0.24426715320058300,-1.1559667725,0.39888396174333300,-0.3816611163175,-0.9207384261933330,-0.5740997759276670,-0.36711005328966700
A11-38,0.24365417936400000,0.3695630624685,0.005882378309383330,-0.18245244397771700,-1.1185937829500000,-0.5372888959333330,-1.1606649046333300
PST-K15-172,0.22176425240763300,0.6680107617483330,-0.07679534622849670,0.6425857879816670,0.480914042245,0.17539190511718700,-0.07542648763273330
J-2726,0.21479203940558300,-1.03935959545385,-0.13040886050188300,-0.7437312926666670,-0.35455710689433300,-0.08528084926783330,0.08128191178083330
DLFPS-340/3500,0.20477862904177500,0.8890939282933330,-0.02918046174451670,0.5706346884636670,0.6304729368,0.29967333020133300,0.0075569768253666700
DLFPS-340/3550,0.15926248246485,0.44218733002433300,0.4944151594466670,0.51194140729205,0.63009873991,0.15117852198658700,0.6766704213
Comanche (NAI-14-176),0.1572008292225,-0.35761393576766700,-0.15616955608663300,0.08984244313159330,-0.9010067882166670,-0.7175303355166670,-0.8767997051166670
PST-K13-141,0.15518703866077500,0.2045136072794170,0.12832670177558300,0.2767985244806830,0.08053400768876670,0.3008510449861830,-0.024186486614275000
Heartland (NAI-14-187),0.14665913182081700,-0.14454229545136700,-0.0242527660693095,-0.5006626244083330,-0.7214620937666670,-0.18193509191528300,-0.4597085943796670
Aviator II (NAI-15-84),0.12645480127071700,-0.3415922052736670,0.09873554608891670,-0.6125187794083330,-1.3614897687833300,-0.45183288561731700,-0.8107327041833330
Orion (PST-K13-143),0.11924440348583300,-0.42220369909875,0.075836257734,0.35670771209683300,-0.7541397887433330,-0.17187307837675,-0.54774055472
Syrah (LTP-11-41),0.1001706595593,0.16975988323740000,0.03554859021214170,0.21521115645916700,0.7501025403166670,0.07529900689156670,-0.4603017502553670
DLFPS-340/3556,0.0875612464458,0.5704518992638670,0.14996071584266700,0.20673520525061700,0.7061626143833330,0.31354680423031300,0.07554430004468
A16-2,0.08666845782846670,0.15748058242705000,-0.2525324431678330,0.12015852999718300,-0.3332268390331,-0.13261173789841700,-0.2153696250218830
DLFPS-340/3551,0.08148297689461670,0.3870911060818330,0.43267812985,0.5741096022633330,0.34591816588321700,0.3121486295011670,0.442627255683
Pivot,0.07460066323087830,-0.05473115778033330,-0.03648711232805,-0.387742786124,-0.3023170103814,-0.5722006533483330,-0.3420398933205
NAI-14-128,0.06335737920915670,0.07118873003470330,0.05572213027438170,0.051271606591,-0.52765513051,-0.12642731345101700,-0.6024878417533330
AKB3241,0.06189732199886670,-0.26823031010286700,0.13344237248815,0.5267699722859330,-0.13944504462600000,-0.01771316655005,-0.6513284877736670
DLFPS-340/3548,0.0444945094314,-0.5897105814761670,0.17289037728266700,0.03887232840153330,-0.6077983191833330,-0.22460059665870000,-0.6963496382500000
Paloma (PST-K13-139),0.03792108406928330,0.004074465245633330,0.3037768902701670,0.05311613098533330,-1.5626324759633300,-0.31644648782016700,-0.9856403802
MVS-130,0.025622683470550000,-0.01979881551111,-0.03278543427765,0.06727019340773330,-0.6667595738,-0.16331772467631800,-0.61874620405
DLFPS-340/3446,0.024528873494333300,0.32754784927201300,0.1311614005345,0.2559011122137830,-0.3851915073193330,-0.17142453284426700,-0.28343963328571700
BAR PP 79366,0.018044774258533300,0.6882568649203330,-0.019946049510883300,0.5424567095083330,0.9649641700333330,0.42741089422941700,0.5028423307967670
DLFPS-340/3552,0.0025656983600500000,0.15524822162213300,0.38417074028166700,0.50877842868,0.6978627500166670,0.20856015263666700,-0.07982174710615330
PPG-KB 1304,-0.030773146810533300,1.32785599165,0.31999262680283300,0.8857450042666670,1.1936188965000000,0.2601109701965,0.32720864735555
Jersey (NAI-A16-3),-0.035052264442,0.6490905797983330,-0.08592005832043330,0.13331590643980000,-0.2168694652885,0.0590109075803,-0.13625680300321700
A15-6,-0.046535392741216700,-0.01092535913,-0.07095432755098330,0.04562176500061670,-0.01636747754083330,0.2240299825001,0.41480534289400000
NuRush (J-3510),-0.05586485176690330,0.011909210746816700,0.055086036829705000,-0.19082358492685,0.6991548643833330,0.183162060412,0.605106222855
A06-8,-0.10251267585883300,0.059333174865100000,0.16862068391090000,0.2573924034407,-0.17629605272283300,-0.3025656365823330,-0.02814743714
DLFPS-340/3438,-0.11352976084816700,0.6230423408115,0.034586085644516700,0.5556089706176670,0.1465011861443200,-0.04988845248183330,-0.15047488515511700
A13-1,-0.11557480490606700,0.472651864311,0.13072064365578300,0.38599665718616700,0.8813097282833330,0.47144715046,0.28452213730595
A99-2897,-0.12284589821133300,0.13962613985473300,0.11493370560685000,0.15754129322634,0.9604192905416670,0.33798076673866700,0.3744650998959
After Midnight,-0.12913838753206700,-1.2926570486666700,-0.16391662550108300,-0.9954063098333330,0.12517884876618300,0.42581434739150000,0.55423759305
J-1138,-0.13248660712246700,0.07859719651583330,-0.17189823055546700,0.20425586908100000,0.6503246908333330,0.37447286862566700,0.62513533653
Midnight,-0.14352514994831700,-0.06240524624873330,-0.14398856419031700,-0.15458743429290700,0.3734969667627,0.11982081393940000,0.2786275557403330
A11-40,-0.16722919908761700,1.1156345623166700,-0.21097000933898300,-0.10766899401188300,0.013183350119066700,0.12902720495336700,-0.09714542565308720
RAD-1776,-0.1686150312345,0.6174708376525,0.09695645342881670,0.4358548999296,-0.98673251606,0.09911444628126670,-0.5533204261755
Babe,-0.21016892762583300,0.24888367457381700,-0.13962089648017300,-0.07853611474415000,-0.430094838645,-0.03631322779206830,-0.3078941051465
DLFPS-340/3549,-0.22554717126865200,0.06278954678355,-0.3087222962857,0.25906831054556700,-0.7523790433666670,-0.19474422528131700,-0.26833069088255
KH3492,-0.23793752178633300,0.08322215859678670,-0.14848142115795000,0.2890047958511670,-0.23396915626916700,0.13713180389813300,-0.0298456552634
Selway,-0.2450887444599,-0.12818816567333300,0.14543648392378300,-0.11822934466716700,-0.28620611945933300,0.07213081477801670,-0.09332831073901670
A16-17,-0.24708971955006700,0.33647573784083300,-0.13700454519616700,0.6198305395716670,1.3556344275,0.4466370275281670,-0.018630464870978300
NAI-15-80,-0.25288859837998300,0.020970579170700000,-0.2902930887485,-0.7423671695266670,-0.54403414606,-0.021127560369633300,-0.5786789167478330
BAR PP 79494,-0.2631903104828330,-0.5133390350579330,-0.14302047827616700,-0.043108899221833300,0.002218309305615,0.4177496797675,0.5310420093568330
DLFPS-340/3553,-0.268902311086,0.06029588054565,-0.1726511558145,0.3044795706776670,0.6693312026,0.301610417723,-0.3185923613388670
A16-1,-0.28425110101033300,-0.47574653868933300,-0.18359248575351700,-0.23176659854238200,-1.3806352725166700,-0.5647028279435,-0.3390603496906670
RAD 553,-0.31075451771533300,-0.57953683360065,-0.03927439680173330,-0.249457568739,-0.6889666739166670,0.09062900019213330,-0.19883709824686700
DLFPS-340/3455,-0.32283964709816700,0.21979897075553300,0.044727976848616700,0.09902290421004170,-0.47987137418333300,-0.034847153770518300,-0.049756007475850000
NK-1,-0.33176538031766700,-0.3280665374185,-0.4245109933666670,0.107826207949,-0.10686421655141700,0.13925602025902800,-0.45807403063400000
Shamrock,-0.333450746986,-0.5380200581923330,-0.19095014526598300,-0.5154678754683330,-1.1960237941666700,-0.162491530214,-0.19961873199831700
A16-7,-0.3438598373523330,-0.15707729377533300,-0.3260994234133330,-0.3330001435696670,-0.4377504971933330,0.06788475056292500,-0.17973945678716700
Blue Devil,-0.3470884251046670,0.10604337823633300,-0.06953305793466670,-0.1238717156506,-0.021084777534483300,0.0868778836136,0.3238688980028330
United (NAI-13-14),-0.35051927888468300,-0.27228553119701700,0.09094352322035330,-0.020470884066483300,0.13356593884911700,0.18615997011546700,0.6675432407
BAR PP 7236V,-0.3740182385675,0.8893540385000000,-0.13169496306658300,0.29603116122513300,0.5202946811433330,0.3376134366036170,0.5027217940011670
Barvette HGT®,-0.37965910743416700,0.6918628353671670,-0.20873257424243300,0.3351354918005670,0.5170700337300000,0.409084517764,0.9569789933333330
Twilight (NAI-13-132),-0.3862971417157,-0.087688870986,-0.0288571038916,-0.4314452688839830,-0.01689068174165,-0.059043503826583300,0.18466622235448300
BAR PP 7K426,-0.39416512438616700,0.6233188738388,-0.17725911110051700,0.24104184211461700,0.06723993783866330,0.5221894068950000,0.16870569304908300
Blue Gem (NAI-13-9),-0.40053473085433300,0.029649401222766700,0.025099144636616700,-0.0579004047333,0.42165596616,0.19987706004638300,0.7936949520666670
PST-K15-167,-0.4015374000083330,-0.9361781574865,-0.32399064522683300,-0.6151127725311670,-0.5386033576933330,-0.15985779758820000,0.089923908473
A12-34,-0.41234143829483300,-0.013634454664981700,0.17491527759216700,0.01200651896445,-0.17322404121398700,0.125796745364,-0.2758340220342170
DLFPS-340/3444,-0.4242285804738330,-0.6729962955085420,-0.200075419029,-0.29330579590830000,-1.2344520092333300,-0.008215569002,0.035141923149035
BAR PP 7309V,-0.46602338189416700,0.4905383373148330,-0.23152125755905,-0.0008782855277000000,-0.36134806025983300,0.14412644854995,0.030129883577766700
PPG-KB 1131,-0.4966592918216670,0.12686859155345,0.20586701933703300,-0.05331228147883330,0.18479759432708300,0.2736286264785,0.43690980586966700
Blue Knight,-0.5982183438,-1.395883048,-0.2845965082496830,-1.0837662411833300,-1.5054306325,-0.16453009054865,-1.172004432
BAR PP 71213,-0.6771836903333330,0.9523023598785,-0.48416093383333300,-0.12856817166505500,-0.05191659264001670,0.28259389752391700,-0.0021250044815833300
DLFPS-340/3364,-0.8794394795,-1.1311119055216700,-0.5200789425333330,-0.5649223993666670,-0.7326889140233330,0.20877011004463300,-0.12759911455836700
Kenblue,-1.3238511238,-0.8841218252166670,-0.44893595513333300,-0.46984509549670000,-1.302598127,-0.35372109156233300,-0.58457726534