adj_day_of_year,0,1,2,3,4,5,6,7,8,9,10,11,12,13,14,15,16,17,18,19,20,21,22,23,24,25,26,27,28,29,30,31,32,33,34,35,36,37,38,39,40,41,42,43,44,45,46,47,48,49,50,51,52,53,54,55,56,57,58,59,60,61,62,63,64,65,66,67,68,69,70,71,72,73,74,75,76,77,78,79,80,81,82,83,84,85,86,87,88
89,-0.3922427384000834,0.8163960530830001,0.7453219763467,-1.8214270466666667,-0.059198501524349995,-0.6363641971683334,0.2792711556783333,-0.641194340636455,-1.5821093016666667,1.7207715018333334,-0.26649244772683334,-1.2113521543748333,0.627036315402,0.9434626967249999,-0.6627709440126667,-0.672303021565,-0.7988145828008334,-0.7891877423566666,-1.985470293,0.05446302807026666,0.9780849569283334,-0.4726851662221667,0.31770940648126667,-0.7849754898878334,-0.2329439565513833,-0.7460716442633333,1.4246721688500001,1.8264611266666668,-0.8811418290686167,-0.610398679417,-1.9025914525,0.5779200101077667,0.282656517211,-1.6399962405,-1.01215872417,-0.22014073160783335,-1.4774875251666666,-0.9400548477466667,-0.7624591722706667,-1.9801831108333332,0.4480778938158334,-0.4582654948197,-0.9522810102206666,0.14056335219566,-0.292099753348,0.5995591408051667,0.3565268833031666,0.07889049655153334,-1.2602663954,0.15562598537006667,-0.32381123055416666,-1.0947840262733335,-0.19698157147533335,-1.16953104235,-1.0439532052906668,-0.25497902222650004,-0.161649865338,-0.9442336161516667,-1.3186509579999999,-0.44920428390850003,-1.3066885012838334,-0.8963358145333333,-1.0675326133066667,-1.4406212031166663,-0.25611419426933335,-1.6487251285,-0.38421568495333336,-0.9958675831378334,-0.40216470779728325,1.4483116929833335,-2.4736735401666667,-1.8928889471666668,-0.01759599184935,-0.9964317633891666,0.6661577486458333,-0.5789683192521665,-2.0229253876666666,-0.6457614551422001,-1.8267252158333334,-1.1446877362733334,-1.32163600986,-0.24697387798150003,-1.5244199380999999,0.3482179438437667,0.6182941666606833,0.4219409610314,-0.6876653479923334,-0.6215244911093,-1.4528922210666666
107,-0.26141027439750003,0.6188564613121667,1.0173778677,-1.5889077804999998,0.07369517417176666,-0.94846844542,0.5370344555615,-0.49022377804284994,-1.1662859343666667,1.5367553235000002,0.07922650976050001,-1.0855401279216668,0.5309736457433334,1.0306091592216666,-0.6272205347383333,-0.3577690488508333,-0.46395481721183324,-0.7816167321320001,-1.645328082,0.43118618124550007,1.0488720511366667,-0.11936039396691667,0.39117942481021667,-0.7420791887841667,0.10883412165435001,-0.48424906354266667,1.3082783705666667,1.0557691525,-1.03046539405,-0.7122691852045,-2.0779626955,0.8858453196916667,0.8764980239,-1.4768017991666669,-1.3548153638333336,0.10539549067571666,-1.3890531975,-0.49409804388945,-0.31633287582999664,-1.4798803564999998,0.35113367905483334,-0.18064074033128336,-0.7881431732716666,0.15290251698798335,0.12320560330688335,0.3725695500449833,0.7878135010883334,0.27975067711105,-1.0324371958649998,0.20702347853716666,-0.7239704977476666,-1.0683046032549999,-0.24670816356921668,-0.7899086826551666,-0.6650266801473333,0.0668610314855,0.09034211416416667,-1.0976096700166666,-1.1871136736666668,-0.569292510015,-1.1727504188,-0.6690182758721667,-0.9875013426833332,-1.2385553235,-0.21828520841628665,-1.2297764443333334,-0.07986019754178333,-1.0173972420966666,-0.5375387532581667,1.7783476186666667,-2.535627528333333,-1.2847039075,0.05948703047631666,-0.7705433628410001,0.5797574348448333,-0.22085000458300003,-1.7185158503333333,-0.4011325211566667,-1.6478671743333335,-0.7995092352316666,-1.1081061807500001,-0.262540548301,-0.892333661215,0.585954185868,0.9970634981805,0.6602593678365,-0.6025895521816667,-0.7817084801183333,-0.83409344333
108,-0.24786258913933334,0.6028914641118334,1.0457617261253334,-1.5693320353333335,0.09614827723466668,-0.952969424745,0.5640448283488333,-0.4647965438195166,-1.1469656762333333,1.5252254469999997,0.09705641984413334,-1.0667445775216666,0.542658979215,1.0292106827383334,-0.6178501872466666,-0.3352854166569833,-0.4324429105941667,-0.7726208379183332,-1.6182587526666665,0.4545172629388333,1.048468947945,-0.09485304020618332,0.41057118073873333,-0.7331281594156667,0.13417926510993333,-0.46728344359966667,1.2977124689833333,1.00307078712,-1.0255088372666668,-0.7086379714811349,-2.0816084913333337,0.9163451458099998,0.9201116009966667,-1.4573186986666666,-1.3698547178333331,0.1346034071526,-1.3780386653333334,-0.46745455087015,-0.28433824717486667,-1.4532110555,0.3544628557991667,-0.16228270076235002,-0.7726342906716667,0.16509346537706668,0.15557599845546669,0.3666634830575667,0.8188546265716665,0.3032769179179666,-1.014776759855,0.2132571429561,-0.7474776237616666,-1.056390140205,-0.24279678278916667,-0.7609906759163334,-0.6379349441303334,0.09452360118768001,0.10546906774831916,-1.1106194854166667,-1.170479742,-0.5649850401786666,-1.1564116620666667,-0.6500917383186667,-0.9692848990333333,-1.2114247758333334,-0.21095604815481167,-1.2046405699999998,-0.052023203929083335,-1.0176052500966666,-0.5348468779488333,1.8051828145,-2.529963793333333,-1.2537410188333336,0.07159812731146667,-0.7496345196013333,0.5742564135685,-0.20062185730439996,-1.6986915803333336,-0.3736664226617167,-1.6317729733333333,-0.7752675489333333,-1.0996747169666665,-0.256124993446,-0.8594118407833333,0.6085260637418334,1.0257785121833332,0.6919451613345,-0.5916884442708333,-0.7865894420015,-0.7896469014596833
112,-0.19031163567266665,0.5380513703163334,1.1687796576666667,-1.4889939796666665,0.2043772920468717,-0.9530033151166667,0.6801498019783333,-0.35153244947766665,-1.0798588969333334,1.4801613820000001,0.16249901537815,-0.98424052975,0.6070411072083334,1.0129118199333333,-0.5731813271828334,-0.250086545333,-0.30067959623578333,-0.7277921227376666,-1.5068650918333335,0.5413204868992999,1.0404232986383335,0.0013833920811666663,0.5009699571945,-0.6949245226933334,0.2355248795798333,-0.39958777654383326,1.25100304775,0.7974039694491667,-0.9920645901999999,-0.684909175135,-2.086845205,1.0444796827166667,1.0915110567333333,-1.3720135455,-1.4208544911666667,0.2548715147255,-1.3277442698333335,-0.3693900156428333,-0.15637504275121666,-1.35903746535,0.37641610597249997,-0.08869554536861667,-0.7054116503816668,0.22213314910021664,0.2808674873366833,0.34988698854100003,0.9448017665650001,0.40437989750099995,-0.9426256324600001,0.24111185945003336,-0.8336880571929999,-0.9991321527966667,-0.2204505787120667,-0.6466717124004999,-0.529742743013,0.2122988849168333,0.16476642973748334,-1.1627590930833334,-1.0973185401,-0.536536569285,-1.0856608166566668,-0.5721791833666667,-0.8841761498866667,-1.0916537343116668,-0.1799732193,-1.1133179908666666,0.06284036398924334,-1.0172832933896667,-0.5137473745025499,1.914394222333333,-2.494090625,-1.1468239575,0.12600443059883334,-0.6650161228026666,0.5503167408913,-0.12751470063346668,-1.621939575,-0.2536328448721,-1.567057328,-0.6783176530651283,-1.0743185529916666,-0.22339497977445,-0.7405957724566666,0.7026321407859999,1.1395920604016667,0.83358974008,-0.544248370675,-0.8025939784495667,-0.6141753343228668
118,-0.10164051014038333,0.44261727190466665,1.370806313,-1.3706032633333334,0.4140256287833333,-0.9006808507816666,0.86921952796,-0.16496970852791665,-1.01291620405,1.4185259604999998,0.23892879564986666,-0.8486115052833332,0.747271562231,0.95002704528,-0.4885769448841667,-0.15109858116748834,-0.0973042711245,-0.6382155540584167,-1.3409910379666667,0.6354583015966667,1.00575369158,0.12670723643571666,0.6674296891088334,-0.6340968818,0.3751389388730833,-0.30050127363533335,1.1697540843333334,0.5208501753356667,-0.9053714969066666,-0.6206292943136333,-2.065246053,1.23867817875,1.3161342517333334,-1.2300819385,-1.4635983475,0.42842254707533334,-1.2371947625,-0.25856847743443334,0.02039485181611333,-1.2672690145216667,0.43100856017950007,0.013821156646666666,-0.5943445945941667,0.3231296609343334,0.4354183626906667,0.34033799241193335,1.1303227046666668,0.5665832210148333,-0.8354329680216667,0.28808780778,-0.9236460991583334,-0.8926012731125,-0.163816644150115,-0.49180556171483325,-0.37333622025586327,0.39890170988366663,0.24728342615499999,-1.235558653,-0.973280127515,-0.46181700510355833,-0.9720246282833334,-0.45575011026356665,-0.7297174711066667,-0.8917330700783331,-0.13737967499363332,-1.0161534949833333,0.23788057174158334,-1.0112984128,-0.4543058791175,2.0659442031666666,-2.4007162366666663,-1.0483331719833333,0.21869164875475,-0.5489694973344833,0.5071752863415,-0.0490434706957,-1.5222467745000001,-0.05761818552359334,-1.475985968,-0.5416656213501833,-1.0631612611233332,-0.16161893257076668,-0.6102009763533334,0.8412628133016666,1.2933555138333332,1.0727296600666667,-0.4633818801208333,-0.8136751078798333,-0.3770431824391333
122,-0.047914707617945,0.38265851139298335,1.5069242738333333,-1.2994608531666667,0.572218574519,-0.8358474329033334,0.99823035766,-0.0462042659284,-0.9903061851333333,1.3832210768333335,0.2732475213964667,-0.7583831610768332,0.85919610519,0.8781697607116666,-0.4248928404929999,-0.11400493896073333,0.034569938622516665,-0.5686084554265,-1.2402685493333334,0.6607503529373333,0.9646934313650001,0.18580162471598335,0.79273470027,-0.5916689650378333,0.4495764930673334,-0.23691075835046665,1.1114509825499999,0.36594431633865,-0.8275833429666667,-0.5568631564263333,-2.0315448993333334,1.3556993737,1.4265558900333335,-1.1338108860833334,-1.4651421466666665,0.525098646714,-1.1713813893333334,-0.21396481187833336,0.11504986950666667,-1.2453255378333332,0.4778066966291334,0.06823207977888335,-0.5193056303801666,0.3928585647765167,0.5023675870140001,0.3389826411819167,1.2445260963333333,0.674043897408,-0.7691030392394334,0.31921271091646664,-0.9449546901166667,-0.8168669052963332,-0.10682828921015002,-0.4073087871677,-0.2744586919686334,0.5175086532863333,0.29567608498514997,-1.2776711903333333,-0.8855103959064999,-0.39209420292833336,-0.8988019372583333,-0.3838610620295,-0.6193182087013334,-0.756927439465,-0.11866019310963334,-0.98374833495,0.3532761134851667,-1.001297332653,-0.3992544057941334,2.1421949626666668,-2.31562351,-1.0262062380661667,0.2816833194621666,-0.48932762137400004,0.4732217239218333,-0.021022759266666663,-1.4717174608333334,0.06892668339016667,-1.4230356221666667,-0.4637620496891667,-1.0723750893666666,-0.12211335318018333,-0.558905375825,0.9193510655916666,1.374487888666667,1.2309077764999998,-0.4031189829106667,-0.8084858595189999,-0.24982480266638332
130,0.027914561740166665,0.2716714990699667,1.7504798631666667,-1.1893348551666667,0.8688611197048334,-0.6622001235816667,1.24868521845,0.13101748595374998,-0.9845934674533334,1.3298156394666667,0.3009598801460833,-0.5966325097165,1.0888042582500002,0.6591956620123333,-0.2964215526798334,-0.12015251478416666,0.27917666436088334,-0.42477972488500004,-1.08663506885,0.5914852744529999,0.8324495243260002,0.2149248599621,1.0623975148866667,-0.49233132137515,0.5268299944332666,-0.116360756682,1.00148601655,0.12381931716968332,-0.6373784272544499,-0.37296666923365,-1.9256880020000002,1.5256135905000001,1.5176761008333333,-0.9618792000783333,-1.3959300443333336,0.637629004995,-1.0463927104366666,-0.19093278923916668,0.21488601702920002,-1.2942202335,0.5855673645846283,0.11400672986083334,-0.3884478747045,0.5201350482186667,0.5339762903135,0.33064724228253334,1.4302979169999999,0.8729227413623333,-0.6604973806916667,0.36992202836044996,-0.869285806675,-0.6868038393116667,0.06564220627331667,-0.28979756295541664,-0.08183969963679333,0.6964567744063334,0.36859146406190335,-1.3492939063333333,-0.7091965949416665,-0.20995801183133336,-0.7786392338166667,-0.2667967432387333,-0.41629212835699997,-0.5157865760607616,-0.11735046899966668,-0.9903586427833334,0.5864486123508333,-0.9590973592999998,-0.2616059184921667,2.188025843,-2.1169167014999997,-1.0601363990333332,0.3936083726744667,-0.43261168023166663,0.39702063269776666,-0.019526592840945003,-1.419883711166667,0.26346962591785,-1.3364596916666667,-0.36016197732079996,-1.1160079315116667,-0.08460731653110001,-0.5356533966335001,1.0061311583333332,1.4662221216666664,1.4790229769999998,-0.2630592789726633,-0.7496219836533332,-0.09142212124721501
138,0.04768122341866666,0.16462893460216665,1.9142345561666667,-1.1258217287166667,1.0321383740683334,-0.4792372366815667,1.4780039438333332,0.18990393623416665,-1.0025454619633334,1.3019970046666667,0.27977331709334,-0.4691479845919166,1.2762499765,0.3609500010641667,-0.18930613424891665,-0.2118747310875667,0.5029016018455333,-0.3019023737352,-1.0177046945666666,0.35544568615416666,0.6323030871545,0.10521246803766666,1.3409436518333333,-0.3495617004161,0.4871732496356667,-0.007907735394016667,0.9300433996583334,-0.06782116252933167,-0.417301888541,-0.11421963166983333,-1.7899758608333332,1.5853451966666667,1.4302280605000002,-0.8484816897849999,-1.2347503068333332,0.6224722966016667,-0.9616968126333334,-0.22256112125298333,0.17283997207038332,-1.4313875698333334,0.7028991382104335,0.042413597145166675,-0.31328975484283333,0.6246369078116834,0.4595728028318333,0.2971840060322067,1.5374376465,1.0472278836,-0.5965533030603333,0.3952166153930499,-0.6342443267141666,-0.6284491636619833,0.320296713384385,-0.22280573400783332,0.12422454574808334,0.7417825342333334,0.3968530936245,-1.4245770311666668,-0.5447918996591666,0.017635622168883335,-0.7111076132366667,-0.19752972545191666,-0.28144559091728333,-0.3394639066685834,-0.15789518315345,-1.0456029737166668,0.8439305188451666,-0.8804418540171667,-0.0998350589901155,2.052556910666667,-1.9367731915000002,-1.1181512456733333,0.4706749671608333,-0.4608074883464833,0.32562559748333336,-0.06569552927381667,-1.4362577379999997,0.32347114725183335,-1.2619504876666667,-0.34794187138349997,-1.1605784162,-0.14760771678296666,-0.5878124326878332,0.9723709291333335,1.4599369879999997,1.5566773388333335,-0.0907705975356,-0.60098035468075,-0.053265875453183335
148,0.005631443355063334,0.02516942284616667,1.9541241045,-1.0845654254,0.9252824828149999,-0.30699682564236663,1.7149947866666668,0.120889362086,-1.0198145943933334,1.3065490876666666,0.20188804995754853,-0.34171061932971664,1.4047012803333334,-0.029712972566599997,-0.11220967352333332,-0.3536545270552167,0.7704754518849999,-0.2081222637732667,-1.0466657020666668,-0.0930162665314,0.31545108399992167,-0.19260836131279999,1.6649119025,-0.08760919457104999,0.28431814517953335,0.09099594783748334,0.9335010014383334,-0.31464895344848337,-0.12830890062003333,0.2733335217848167,-1.6267571563333334,1.5187473765000001,1.15301477485,-0.8160047449816666,-0.9518697470033334,0.46593853010200004,-0.9508216318466668,-0.2610899175916167,-0.043372145541633336,-1.6262841011666667,0.8515869796483333,-0.21248103406080002,-0.3257830684599,0.75083401851,0.3491381219190166,0.22213114810903334,1.5460216148333332,1.2456194453833334,-0.5891985572178334,0.39181045200931663,-0.1972555305005,-0.6921149911710001,0.7049126775798334,-0.15163770175903332,0.4120428006457167,0.5773007738735,0.35502356016733333,-1.5612308265,-0.37610192697449996,0.3285685068625,-0.6996304330933334,-0.18852723180481668,-0.244494769484,-0.20986251000293335,-0.20967401761475496,-1.0726076217333333,1.2140017387333335,-0.7367975138649999,0.11177918870636668,1.6575352996666668,-1.8343801113333333,-1.0771934135149999,0.5043659083425001,-0.5719791083850501,0.28286579668468337,-0.13372791923566668,-1.5295682736666667,0.18131939995056667,-1.15279449502,-0.4709833941256667,-1.1612749943333334,-0.379934731348,-0.6957059210968334,0.7839325775836666,1.3485197273333334,1.3673208068333333,0.1591110989343333,-0.28420355162478333,-0.09903934356783332
158,-0.05995587444583333,-0.10489064363533335,1.7894614476666666,-1.0280756003633333,0.5353615975165333,-0.21556592358998333,1.8402844264999998,0.019466074427116665,-1.034950547665,1.3528201478333333,0.08987106765806666,-0.212928267193,1.429234549166667,-0.29745679218598337,-0.10217266848385001,-0.4162502484668333,1.0028091452516668,-0.17891316586563336,-1.1429588452000001,-0.52572872984095,-0.0006843188568899994,-0.5450994998416333,1.8811004420000002,0.22065918518591596,-0.01350510338116667,0.11257772705566667,1.0274903546,-0.5786649212768332,0.13009858565416668,0.6316921586850001,-1.5176679309999999,1.3640152793333333,0.85613443775,-0.87617417838,-0.6772411012331666,0.2813956106589667,-1.0357046493166668,-0.24633922143689999,-0.313974398775,-1.7500889061666667,0.9688263469966666,-0.5453138588266667,-0.4325098981599333,0.9197623793166667,0.37391104132846664,0.1599956102206,1.4400521654999998,1.4310114478333331,-0.6506742584233334,0.368792718292,0.22178663950046668,-0.8654866635199999,1.0348998657583333,-0.048206252013218334,0.6697855913231666,0.2515004231803,0.24551248582899998,-1.7295222278333333,-0.2707969324365,0.6027184548050001,-0.72945457077025,-0.26137483110331666,-0.3181418407261,-0.14145865120848333,-0.18803796641373832,-0.9898518752833334,1.5681449381666668,-0.5717059159745,0.29664978244463336,1.1759487093183334,-1.9057950768333334,-0.8609119834781667,0.4556247208052667,-0.7009067451183334,0.3273693461118333,-0.17477647820193004,-1.6486763998333336,-0.11090536834883336,-1.0050721587583333,-0.706808957045,-1.0700352743833335,-0.6758076488501666,-0.8063008406366667,0.5508409630478049,1.1871794713333335,0.9746543319000001,0.39591631866095,0.09802493341811667,-0.15018125886688136
162,-0.07993536000661666,-0.14417115961330002,1.6711331436666665,-0.9893727448233334,0.35722609236653335,-0.1919994012731667,1.8398374736666665,0.0016429304782000003,-1.04915594817,1.3789864333333333,0.041386939205449995,-0.15557813090218334,1.4221028633333332,-0.34500334075899997,-0.11250229885888832,-0.40757872969010017,1.0685079822183332,-0.1779860861785,-1.1788676554666666,-0.6505103350038334,-0.1055248077835,-0.6664277362863333,1.9125057366666667,0.33306979946980003,-0.13402585403811668,0.093585641094,1.074174899125,-0.66894346163,0.21231163059185,0.7423554369166665,-1.4933186373333334,1.2959765781666666,0.7676685894183334,-0.9073769349833334,-0.5927621484461667,0.23131973042815002,-1.08178036398,-0.2272428256524667,-0.40301613873,-1.7726475899999998,0.9923285528,-0.6605212715245,-0.4853098749845899,1.0032048983833333,0.43733187712515004,0.15527171663783332,1.3790273696666666,1.4974247846666666,-0.6860762851076667,0.35974709165821667,0.3405745566211667,-0.9404775690716667,1.1207226295000001,0.002456529113699999,0.7368190949933334,0.11418230230165,0.1956011206776333,-1.7846817563333335,-0.24979849719266667,0.6869771731116666,-0.7401865415766666,-0.3074161723759333,-0.357773165665,-0.12225148913618333,-0.15420323169278333,-0.9379408580583334,1.6748396508333332,-0.5071988375281,0.35443536802350006,1.01000180435,-1.9691862298333331,-0.7493404969079999,0.4092242752613333,-0.7471720289396667,0.37014757769783335,-0.18406699942255,-1.6881955175,-0.22967924684750002,-0.93532120332,-0.8128131883616667,-1.0103532181116668,-0.7709729690566666,-0.8481563296265,0.4789551129871667,1.1225210975166666,0.8126639725649999,0.4725297328261666,0.237881598206,-0.16199629350633332
164,-0.08723551189976667,-0.159377739676165,1.6026697438333335,-0.9656685232500001,0.2736377827215,-0.18063469870387,1.8264862518333334,0.00028394449126666526,-1.0592269118583333,1.3925581848333335,0.017329606709166667,-0.12565570459613332,1.4168140863333332,-0.35481223126305,-0.1196038021053,-0.3964701507291,1.09248797655,-0.17833469500066668,-1.1931176572333333,-0.6984059524033334,-0.15053889293736666,-0.7187118724579998,1.9134253183333334,0.3834267571708333,-0.1908432557695,0.0783386566635,1.0964098860166664,-0.7065364367958333,0.24761571123105,0.7885894477333333,-1.484773617833333,1.262877682,0.7330796002583334,-0.9211049308450001,-0.557973305625,0.21469376231373333,-1.1044628155666667,-0.2162871425856333,-0.4395979466421666,-1.779102648,0.9967805615499999,-0.7087013056033332,-0.5109965103055,1.0474043038333332,0.4794869561559483,0.15932694476446,1.3468922016166667,1.5279201783333332,-0.7042432469888332,0.35605385474940004,0.38480414634358334,-0.9748401035166666,1.1513024085,0.028931673076028338,0.7587328017576668,0.04979866125526666,0.17166925883186498,-1.8054823531666668,-0.24371021775501664,0.7224237000246667,-0.7436794143966666,-0.33247937505613334,-0.37630815890866665,-0.11366142682856666,-0.13346817252726167,-0.9122104224333334,1.7165729488333332,-0.4759667202276667,0.379159514705,0.9392710892666667,-2.004289371,-0.6943333011633332,0.3800386286946667,-0.7684646335116666,0.3957779203026666,-0.18793876993586667,-1.7041687700000003,-0.2832167753918333,-0.8984041595400001,-0.8647388428616666,-0.976808895571,-0.808041686575,-0.8684206209549999,0.4513781089623333,1.0916165757166667,0.7383954584938333,0.5056477985041666,0.30071786009318335,-0.16665714618593333
168,-0.09537605127551665,-0.17914718706266664,1.4508002393333332,-0.9093471803533333,0.12876460815875002,-0.15561757074,1.772488531,0.013172430457616666,-1.0859130745333334,1.4187799953333333,-0.02900498752296667,-0.06403902417635,1.4047505038333334,-0.347711290619,-0.13585859992968333,-0.3627049736156667,1.1197449824683332,-0.17870355890599998,-1.2108748113,-0.7631123557583332,-0.22304571503413165,-0.8030209086416666,1.8839318495000001,0.46941824954000005,-0.29323953380554835,0.037934697785749996,1.1353160429,-0.7616994858533332,0.3063598656547,0.8625669670747665,-1.4733289069999997,1.20076615115,0.6847263078818332,-0.9407462636716667,-0.5037997617939667,0.20053583830393332,-1.1454451044500003,-0.1935294806512833,-0.49401755967,-1.7846420141666663,0.9890442943333334,-0.780993659149,-0.5575272806071667,1.1382884490333331,0.5808313827045,0.18205252964438334,1.2823231666666668,1.582308769666667,-0.7386889095718334,0.35137377756145,0.43970163877025503,-1.0322287021416667,1.187961866666667,0.08304849259033334,0.7761547647548334,-0.06443502515266666,0.12848526950543332,-1.8286945804999999,-0.23934881912646666,0.7799068435430001,-0.7454978061808333,-0.38407117207366676,-0.40691623555549994,-0.09801502754273334,-0.08811342179473335,-0.8671352984166667,1.7737980616666664,-0.4158407756651333,0.4203702811708333,0.8282357223183332,-2.0755047093333334,-0.5936844512036668,0.31041652625495,-0.8066992030583333,0.4531087397747,-0.1949768029631667,-1.7264442451666664,-0.37174780201328333,-0.820586368735,-0.9618168889700001,-0.9043087870283333,-0.8563425396050001,-0.9070778900666666,0.415605877274,1.0340186676062333,0.6110866152691666,0.5612653892555001,0.408574374714,-0.17562335559898334
194,0.10810007153533335,0.05944604117133334,0.5032922956543333,-0.35666067789766664,0.2358642596195,0.25114868542308333,0.9272185256266666,0.28154280498531664,-1.3310069985,1.4150105496000003,-0.12532585683918335,0.28070356137645003,1.3733907211666665,0.15076559192533334,-0.09949556873544835,0.03664846147371667,0.7301802430428334,-0.026081364332066665,-0.8965137638601166,-0.40959585985663327,-0.025591171503116666,-0.6685345331361666,1.0118017408733333,0.6380600587577333,-0.28937840410774834,-0.2139789362024,1.19034419425,-0.335998869857,0.5490717665636666,1.0765348032166666,-1.3743675708333334,1.0979702078999998,0.89363952143,-0.6358268774545001,-0.41433544945683326,0.6168108557121667,-1.10597092015,-0.08025362901553333,-0.2792018513055,-1.7202782295,0.5490719078688333,-0.46536184362274163,-0.5179353761671667,1.5188717145000001,1.2824484006666668,0.7776081880433333,1.0708878423200001,1.72625084,-0.6161727632081667,0.5228294897416667,-0.07982147142925,-0.8067519023655,1.1460377866166667,0.45363057474405,0.18223162508333332,-0.12493427500615,0.0772703307715,-1.3219885283333335,-0.24591660305471666,0.9634500759166668,-0.5819832572157333,-0.494874003045,-0.2275300267883333,0.021463298628316665,-0.02897821329428834,-0.9712273010166667,1.5467086066666664,-0.09038726921043333,0.60328274922,1.2007858658,-2.211138675,-0.5454928296653333,-0.1722357502106667,-0.7513694543816667,0.7389534284116666,-0.1421207142705,-1.5054828096666666,-0.05365453673868333,-0.16424105920016666,-1.0358467763616666,-0.43946657332216665,-0.39105414085150003,-0.9695801344833334,0.7244748920925,0.9122818748949999,0.6504520190394999,0.7414309373153167,0.6300228079726007,-0.37322832968598335
196,0.14133487025776667,0.0962949508122,0.47094431481033333,-0.31442620448066666,0.2894994773916667,0.29721098344055,0.8763435403283332,0.2886908989126167,-1.3417431775,1.4032756289033332,-0.11243590109666665,0.2967318876756467,1.3770198656666666,0.19057961150550834,-0.07679058831484167,0.07466830079391666,0.6915804628466667,0.00019834122531333284,-0.8573251914700001,-0.3569870108019333,0.03323539532666666,-0.6241626216216667,0.9433193971683335,0.6459743464565,-0.23438144939570002,-0.21076111306146667,1.2007585922666668,-0.26108990286683337,0.5798590931863333,1.1042993666166667,-1.3574867658333332,1.1194839976833333,0.9278356225300001,-0.5889570890561667,-0.40667625081683334,0.6605441980033333,-1.08842647945,-0.07077473961011667,-0.24021605261026666,-1.7057527503333336,0.5188043582023333,-0.41520120348166667,-0.49116531582129996,1.5217155791666668,1.3106156555000001,0.8421346786243333,1.07753515065,1.7289755075,-0.5707904126908866,0.5539799580403,-0.14049845691476665,-0.7542080062866668,1.1678718281333333,0.4832301666795,0.11980223269351166,-0.09091913942266666,0.08354758148037165,-1.2642454005,-0.23492157113681666,0.9863503254283332,-0.563936819541,-0.47671164069883326,-0.1921917273176,0.03743968216633334,-0.04859579813951666,-0.9856811038721667,1.5269352374999998,-0.07312518959863333,0.6271059206348333,1.2890259688333332,-2.1986371916666667,-0.5713180575778333,-0.17903535253473501,-0.7116668693543067,0.7425524896650001,-0.11720707619913334,-1.4728752341666669,0.02536399354,-0.10625526261593335,-0.99443908715,-0.4147526710344,-0.3310243547171667,-0.95585300746,0.768819003867,0.928238454429,0.694345328255,0.7539952278973333,0.6404084696695833,-0.3945169442598333
198,0.17595845992713333,0.13429939201360167,0.447897544288,-0.27488466517495663,0.34211162653318333,0.34316845636968335,0.83377523518,0.29239502872166667,-1.350955344666667,1.391884376625,-0.09728336906411668,0.31073846451398335,1.3818236506666666,0.22812990000516667,-0.051679136341933336,0.11384410419117334,0.6571134109083333,0.027811456499933333,-0.8206472703616665,-0.3046137941154,0.09635800302091665,-0.5782121447286667,0.8810858691566666,0.6559652727916667,-0.1733541077901667,-0.20349239460324997,1.2160529437499998,-0.18352200621513334,0.6133687911863334,1.1359881423833333,-1.3401985449999998,1.14527985147,0.9622447420683332,-0.54209965483,-0.39815553666116665,0.7015654800162666,-1.07195286015,-0.060882701733666666,-0.2016470902138167,-1.6886960314999997,0.4938965144162166,-0.36749798315716664,-0.46292556892875003,1.5213779966666667,1.3330105841666666,0.9067380134666667,1.0874396430833333,1.7314119915,-0.5211739545485,0.586600170069,-0.19724915644646668,-0.7005194188376667,1.1966618821333335,0.5117968098945,0.06009814882023334,-0.0551682014734,0.08975705030856666,-1.2103181486833334,-0.22204696958720002,1.0122185199983333,-0.5467038409116667,-0.4554083174981667,-0.15646362709216666,0.05440413317819166,-0.06946092722366666,-0.9955417328166667,1.5118399965000002,-0.058506451416833326,0.6533549177450001,1.3813297281666668,-2.1861067733333335,-0.5972335187916666,-0.17824095346542834,-0.6664909101421668,0.7439557460733334,-0.08768192163083334,-1.4413662265000002,0.10749930911486,-0.049227776945789996,-0.9481104969133333,-0.3930535131818333,-0.2730410034824334,-0.940667199912,0.8136955788266667,0.948302094085,0.7391727041783334,0.7665029431233333,0.6535619205568334,-0.4145123789738333
218,0.4536614623995667,0.5592333863425001,0.6766380629113334,-0.17607230354266667,0.601744867645,0.6647486238321667,0.8645001326005001,0.24864981015695004,-1.4862972663333334,1.4075777226666668,0.043825082858416665,0.3162892168931667,1.5221351363333333,0.5015206748033334,0.1706202864887167,0.5494169031033334,0.6063815503351667,0.26816899862033333,-0.8098170144406666,0.09613547207143333,0.8134331006683333,-0.18697460862148332,0.6734116361238334,0.8142261199591667,0.5280821427755666,-0.05852844358306667,1.683374370833333,0.6471844111381667,0.9215204500999999,1.5538073975,-1.2816304576666664,1.5372686001666667,1.2729352555166666,-0.26850921952361667,-0.37776798056165006,0.820574092025,-1.1153539541766666,-0.008741275101433334,-0.010730453034148333,-1.403725838333333,0.5652718825743334,-0.2116847617538167,-0.25725389070300003,1.4744393243499998,1.2498079338666666,1.4620856933333335,1.2898249295,1.7269026105,-0.011248758613333335,0.8284758446946666,-0.4045287075346667,-0.3363888367441667,1.6944066088333336,0.5884866456306667,-0.33024052991915004,0.1825344415512,0.09214756798583333,-1.0761060971216667,-0.12509006988041665,1.3412705008333334,-0.49877842939195005,-0.23287963330981665,0.06345628615232499,0.1749591584352717,-0.17110044027234997,-0.7866661281433334,1.6024072298333334,-0.15910481548486666,0.9663437826166668,2.3257738966666666,-2.2304521575000003,-0.7998945052916667,0.16769860062998332,-0.10481860048938334,0.7682098238611668,0.39667687017285,-1.3655189581666667,0.8089826648183335,0.29348314302761663,-0.42947527565533333,-0.4273629816341667,0.042918905272816665,-0.8732840111016666,1.2238351050216667,1.3245426670166667,1.078364145615,0.8147998596616667,0.9086900005466666,-0.4829685216298167
223,0.4562156012006666,0.6786766527983334,0.811327108825,-0.26918637506200005,0.5602395023171833,0.6766829282666667,0.9550435088416666,0.2513333226384167,-1.5711018598333333,1.4617346539999998,0.029212272897756672,0.2710848080815,1.5883114548333337,0.5548379378175,0.16331894346516668,0.6564579160045,0.6547916289103334,0.27845163136813333,-0.9433801613316667,0.13287647169158334,0.9653827170435,-0.1473256444179,0.7286799791528334,0.8307321718783333,0.6492730069153666,-0.0587232010041,1.8616864121666665,0.8521293878749999,0.9296882181183334,1.6324384223333332,-1.3341745886666667,1.6271574375,1.3336508623333332,-0.3049092157730333,-0.41770781356016673,0.7501633751599999,-1.2088290714833334,-0.033743091209116664,-0.058718283742683335,-1.321934795,0.6417546790023333,-0.28486777761956666,-0.2749565619278,1.4898618634500003,1.1630513324833334,1.5551232779999997,1.3340855752999998,1.706980932,0.04044633553338333,0.8153820413233334,-0.3578570777699333,-0.3532862857808333,1.797774181,0.5092997848171167,-0.38449786642605,0.15331249622593332,0.05531919700175,-1.17210426855,-0.15708886154566667,1.4003299021666664,-0.5436182618706666,-0.23302351433866667,0.03855814615108834,0.1535208911885,-0.13078980345188335,-0.6883710939616667,1.6598700266666668,-0.2692002126091083,1.0237451345966666,2.5069631416666667,-2.3147898466666668,-0.84231525001,0.2951144020575,-0.012704636846616662,0.8140968343149999,0.5269570495295001,-1.4474921250000001,0.8716536501903331,0.27039088241953335,-0.3519040167055,-0.5270843741894999,0.022447128360333333,-0.9227209552966666,1.2894392778,1.439455149,1.0962134845333333,0.7916319642583334,0.9710166078383333,-0.46407724392916666
227,0.43108805839933334,0.7764061116066665,0.9187461127301667,-0.3777155419231667,0.494605165003,0.6639537390460167,1.0313852925,0.2621498196365333,-1.6567746633333333,1.5150610254999999,-0.006642762572316665,0.22024910572383333,1.6478586288333332,0.5960957245281667,0.12982593218975,0.7360787859311667,0.6951097052351667,0.2621139574934833,-1.085205784485,0.1388613363184333,1.0645547850500001,-0.137963087856,0.7969154793404999,0.8257584341885,0.7129367578316667,-0.08145154256433335,2.0025000415000003,1.0090193781333332,0.90728662771,1.6732459973333333,-1.3975166265,1.6824311213333334,1.3758946133333332,-0.3715745956130833,-0.4604416871615,0.6700543008761667,-1.3040109723333333,-0.06773223107851667,-0.12779632336535,-1.2596487016666666,0.7039339891601667,-0.36978944772089994,-0.3179805659646833,1.5159284015,1.0870706983833331,1.6134217908333333,1.355464208,1.6816706008333333,0.04092919613308333,0.7770155650525,-0.3064100535844,-0.4053548319223334,1.8538738921666669,0.41578656880985,-0.4255228473119833,0.09758935827350002,0.007516001179000001,-1.2754915718333333,-0.207239515116,1.430210387,-0.5993531272212167,-0.2634463093435833,-0.010685348324166666,0.11482154947465,-0.07922901766173333,-0.619818557166,1.7042771398333334,-0.37639186317406664,1.0552305537033333,2.6177031883333335,-2.3986668783333336,-0.8789497479616666,0.3903871259552899,0.027500009596499998,0.8660200728083334,0.6172934323251668,-1.5397773138333335,0.8752405474366666,0.21667521381916666,-0.31876037682006664,-0.6319772959116667,-0.022886515767833335,-0.9848227411483333,1.3215677888166668,1.5261885235,1.0843656525666665,0.7647841441601666,1.008031474102,-0.4436443735299999
234,0.33671209022193327,0.9420577299333335,1.0829264896666666,-0.6223959590562,0.31592934325966665,0.5999477424565,1.1566459993666667,0.291665030161,-1.8311048543333333,1.6176886974999998,-0.118432864689725,0.1034012154219,1.75496609,0.6638868522359334,0.020211285622273333,0.855044930045,0.7485988492681666,0.17749153948449997,-1.3849421055,0.10367692845241668,1.1790489504833335,-0.16469008978933333,0.9621778350916668,0.7754994555066665,0.7506284669233334,-0.16757471139383334,2.2163072055,1.2557653041666668,0.8172153364843333,1.691416715,-1.5403353711666665,1.7342990470000001,1.4339906236666666,-0.5613653465423333,-0.5403480279201667,0.4968531321583334,-1.496344318666667,-0.15009739886916668,-0.30122698500635,-1.1585973987833333,0.801261843854,-0.555663546186025,-0.451789996015,1.5822375773333333,0.9585623462666667,1.680915798666667,1.3530980133333335,1.6123036588333335,-0.04870927535906666,0.66075032357245,-0.20999007898849997,-0.5672122249353333,1.8907760426666664,0.2028191274756667,-0.5022047080277,-0.05793873792043333,-0.12077481643156666,-1.4856084090000004,-0.3413742679017501,1.4440330128333334,-0.7357545406718333,-0.3839506381796667,-0.1547621612094,0.00582812672236333,0.03842551543448333,-0.5446737610448167,1.7704260641666667,-0.5845412126556666,1.078026822825,2.7184158199999997,-2.560686115,-0.9515255597286667,0.5296483465505001,0.024175034274156668,0.9784006573183333,0.7304898846705,-1.7383043753333332,0.784539176828,0.058715151492133334,-0.32191394900160003,-0.8532456676216668,-0.153581730418,-1.1311824651666667,1.3258494111666665,1.654137801,1.00915365349,0.7068607026213334,1.0390162576666666,-0.4044722592658167
245,0.12157986405068334,1.13223131245,1.2440502643333333,-1.0575872433166666,-0.07520992198028334,0.4255718371294,1.30609651,0.3174950149097,-2.097844251666667,1.7723924723333333,-0.37072826372882167,-0.12311041322653334,1.8710574101666668,0.74174716204,-0.210670359174,0.950357482995,0.7367937821791667,-0.078924569597,-1.8935819026666667,-0.01663347765418333,1.1910072388,-0.27859955858499164,1.3181310495,0.6146733464118334,0.65509381119455,-0.379224855424,2.38568259,1.5203857941666667,0.6137407020098167,1.5911517535000004,-1.7729463420000002,1.7005591466666667,1.4718777405,-0.9743668367533334,-0.6142619935898334,0.21173110680466667,-1.7872966929999998,-0.2993786498448333,-0.6334672131843333,-1.02333365395,0.910217495535,-0.8701169175666668,-0.7640160212066667,1.6644685708333333,0.8136028815511333,1.7036116524999998,1.2419083708499998,1.4204140959999998,-0.37296131931616666,0.4227330614102333,-0.10828166500604999,-0.9087721170516666,1.8252378906666669,-0.18464559025961666,-0.650126178057,-0.3736717656098334,-0.4160248967276833,-1.7815966195000001,-0.6159774274035,1.3884897286666666,-1.0106043620683334,-0.6994811129590168,-0.47832191464,-0.23311841364406666,0.22517375771283332,-0.576445400967,1.8183813903333332,-0.8826645554031666,1.0451061146766667,2.5912102933333334,-2.7780133683333332,-1.0945147322333333,0.65871244942455,-0.11930114362491667,1.1421092118333334,0.7629057319663334,-2.0590263901666668,0.44751576847533336,-0.2927171158718,-0.4384398360158333,-1.2139672042833332,-0.42084529567233336,-1.4107233518333333,1.2036087219266667,1.7575635059999999,0.804048365655,0.5958362847698333,1.0043059620566668,-0.36523712928929997
255,-0.058396227792433336,1.15896496025,1.3242546645,-1.4057471538333333,-0.4141978544807666,0.23602295403466667,1.3849234991666666,0.2664845244483333,-2.2653455905,1.9035825796666668,-0.5862043025048334,-0.32305208110285,1.8387926599999997,0.7513557910783332,-0.37502930815474506,0.8643334412433334,0.5928534470198333,-0.371160060441785,-2.2951732305,-0.09446961386991667,1.0425041492333333,-0.3992275924763333,1.6789539146666665,0.4429886363191667,0.47680716282695,-0.5840960623316667,2.3117897999999997,1.5856048274999999,0.43370247216225,1.3951899571666666,-1.9007913893333335,1.588292007,1.4284755681666668,-1.3208351433333334,-0.5969289466361667,0.01835009048491667,-1.9557288331666665,-0.41875308328649996,-0.9020205407899999,-0.9681567936061667,0.978910491515,-1.10506360505,-1.0638073937666666,1.5847556051666667,0.7396677402386668,1.6496104003333334,1.0634006781,1.14644847598,-0.7389663048099999,0.24121133499571837,-0.11087486810298333,-1.1411080016666666,1.7031008713333333,-0.5108858303133667,-0.8060204038383333,-0.6275947584003334,-0.680882893065,-1.8926355953333331,-0.8513351410016666,1.291859039,-1.2415235505,-0.9842655298666667,-0.7695850472400001,-0.4763772933316667,0.309474133437135,-0.7492185316916666,1.745231607,-1.0487360601,0.9708005275693334,2.186704396666667,-2.871983275,-1.2820008906333333,0.6755664352139833,-0.2904102732054833,1.1843903020833333,0.6308732732946667,-2.2724009433333334,0.04481108813066667,-0.6508922943006668,-0.5728018461729333,-1.449580717,-0.6040242385148,-1.6811280066666665,1.0222106076500002,1.7170419093333333,0.6690796134675,0.4449162462688333,0.9045910576420001,-0.407061977494
259,-0.11636156052208332,1.1254271368333335,1.3615755996666667,-1.5239049286666668,-0.5078793149578333,0.16092834789933333,1.4001715515000002,0.2242156615615,-2.3113886166666666,1.9593623728333331,-0.6501694123643333,-0.39106933515450004,1.7787906823333333,0.7341490129973334,-0.41456965528266665,0.7670997495040001,0.5008446122960833,-0.4815902779133333,-2.426889475666667,-0.09784340838006667,0.9552631904866666,-0.4421306180765,1.8074271135,0.38127614077099997,0.3953586055975,-0.6602237293575,2.2274148216666667,1.5680754543333333,0.3657983343846667,1.2967923638333334,-1.9197196958333334,1.5349461595,1.3867690491666667,-1.4151370075,-0.5787574795245,-0.031053440299256663,-1.9902884941666668,-0.46185191221383337,-0.98839262915,-0.9853107429083332,1.0041344479466667,-1.1778195924987667,-1.1690801088333334,1.4891193251666668,0.7099760614338332,1.612806984,0.9850600752133333,1.016322594485,-0.8740581819616667,0.18843694415503334,-0.1367811018598667,-1.1773769203333335,1.6468140071666666,-0.6252884438788333,-0.8683794262500001,-0.7059717828365,-0.7527407639616666,-1.8822099616666668,-0.9299258431633334,1.2437531316666668,-1.3084033001666666,-1.0591484470833334,-0.8594270421249667,-0.5762588038958333,0.3090055989101667,-0.8454352704183332,1.6671942135,-1.0859810488833332,0.9340981857916668,1.9747741491666668,-2.8828747483333332,-1.3812499088333334,0.6554048410443334,-0.349870039791,1.1611445686833335,0.5401447636150001,-2.3301726883333336,-0.11708001535305335,-0.7967208265433334,-0.617021372985,-1.5069768826666665,-0.6351353598031667,-1.7942048835,0.9544046221466668,1.6634937155,0.6668914318148333,0.36014937140718334,0.8504108313066666,-0.45813415204316665
260,-0.1296906594178,1.1136358003833333,1.3727212241666666,-1.5518548926666667,-0.5260016704508333,0.1425670225459,1.4023897106666667,0.21216523964503337,-2.321585918333333,1.9738764141666667,-0.6637208300324,-0.4067085445978333,1.7597898870000002,0.7280279806371166,-0.4221651275305,0.7368351783065,0.4751713701903334,-0.5074813601665,-2.4569573913333334,-0.09580968384481665,0.9322052832768335,-0.45211474868975,1.836549875,0.36695063223021673,0.37457143651125,-0.6787088971702834,2.2025321750000004,1.5607270363333334,0.34884138108591,1.2708053843333333,-1.921783933,1.5214675206666668,1.3741830951666667,-1.433343229,-0.5743627142208334,-0.04075744436386666,-1.9962851368333334,-0.47251461583855,-1.0080432761666667,-0.9943100715933333,1.0104460607333334,-1.1941210968666667,-1.1934874985,1.4593500695,0.701404567794,1.6025667861666668,0.9655206263899999,0.9828498794533332,-0.9055842732466667,0.17687404128898335,-0.14511169479571667,-1.1803098828333332,1.6320295296666667,-0.6523614193216667,-0.8835932199183333,-0.7234292600366666,-0.7662065224113334,-1.8750397889999997,-0.9480434362,1.2306838881666666,-1.3220348595,-1.0726897499166665,-0.8784606256783333,-0.601421004584,0.3058745259686,-0.871152490715,1.6425919496666666,-1.0933498145,0.924406518995,1.9197319478333332,-2.8839515899999992,-1.4084701473333334,0.6480266309681667,-0.36344947336733335,1.1518391952166667,0.5146748562096667,-2.3423688233333335,-0.15664658611316667,-0.833365482818,-0.6268144978024999,-1.5181705948333335,-0.6384185336285,-1.8231059468333333,0.9390103434606666,1.6470560031666668,0.672320162941,0.3364395444981667,0.8357349762733334,-0.47445147592333325
275,-0.2977998766218333,0.8596006720683332,1.6676562431666668,-1.9279035366666668,-0.5385934152476833,-0.09853931033751667,1.3535274105,0.018110035203333333,-2.4474207783333335,2.2046912016666664,-0.7655504644835001,-0.579249263638,1.3588373161666665,0.5876503328888334,-0.4702684133984167,0.05891528416556666,0.011025096218,-0.7669271657228333,-2.755952088333333,0.04244460227058334,0.63004904312495,-0.5574858878050667,2.0610718046666667,0.21222309765650002,0.06704600264058333,-0.9414095897683334,1.7547993936666666,1.4079716017666666,0.08391928123770001,0.84830973034,-1.8792695798333334,1.3300787083333332,1.1087711919333332,-1.4361945158333331,-0.5750598729949999,-0.07097347385200001,-2.006469668833333,-0.6413064079508333,-1.2219723601333334,-1.3644868474499998,1.1094366127333335,-1.3564647791666666,-1.4579328288333333,0.8253501732116665,0.4736787397461667,1.42451618095,0.6953326580258332,0.5269648238518333,-1.2320501993,0.037826830174,-0.3183873185248667,-0.9563079944366667,1.3510343135,-0.9825078407283333,-1.06938830585,-0.9013645909233334,-0.7423736040266665,-1.6400706556666667,-1.154478308,0.9633824663741668,-1.3656677109999997,-0.9985184768766667,-0.9823297618833333,-0.9687320057533333,0.16459491792815,-1.2719114241666667,1.0461633554333334,-1.1709818618833332,0.7542476645566667,1.1757861926,-2.881654975,-1.8920946543333332,0.44930866184783336,-0.5093329284391667,0.8995409687300001,0.06625953229005001,-2.438742635,-0.6740491997531667,-1.3877562728333335,-0.7231163212883333,-1.581109809,-0.49920088851583333,-2.268922635,0.810669708353,1.3072546489999999,1.0098784350233334,-0.10832047356858332,0.5802170209225,-0.8652106758466667
283,-0.3681964546234833,0.7514455579583333,1.8967453291666667,-2.0954849799999997,-0.4260395546298334,-0.19237585176626665,1.2720938345000001,-0.04190406257246666,-2.490186995,2.295240156666667,-0.7764543519143167,-0.6369646601116666,1.15619591015,0.5343931139342833,-0.48428566813466667,-0.3466048985776667,-0.2377667001070667,-0.7948630415900001,-2.774990576666667,0.14581369312866668,0.5960068064988333,-0.5665841727655,2.0096564618333335,0.16821997177749998,-0.0596915461415,-1.0648294565783332,1.5578319364999997,1.3861879423333334,-0.03913845442365,0.6428846516833334,-1.8563178188333331,1.235727852,0.9541399086721667,-1.2844070619999999,-0.6361646126155,-0.019816809857833333,-1.9872510775,-0.7264780944699999,-1.2707751819316666,-1.6543396361666667,1.1660161508333333,-1.3748059055,-1.5184983308333333,0.4935754454351666,0.2871577860217833,1.3371297998333334,0.572147579266,0.4011854989749333,-1.2830825176666667,-0.05297354246041667,-0.3977419526054,-0.7256192766183334,1.1451270728333334,-1.0858196769,-1.1156584732333332,-0.9299219960433333,-0.6228122671308334,-1.5251933770000001,-1.2120141016833332,0.7627045658993332,-1.2852266413333333,-0.7992441996683333,-0.926005276875,-1.1098932910666666,0.08310672882316167,-1.4192704813333332,0.6389475993816667,-1.21986941535,0.6448148381018334,0.9732540764216667,-2.8937734416666667,-2.1216351833333333,0.3190824180633667,-0.5523680727395,0.7491246095166666,-0.1419517231036833,-2.4218014483333334,-0.8751183489333333,-1.6568884795,-0.7551438433566666,-1.5732288283333333,-0.3519289948651667,-2.45581228,0.8058581931566665,1.1294242771166667,1.26030015355,-0.34082276614583334,0.4504401754805,-1.1063140268333334
286,-0.3866023817190001,0.7271304103831833,1.979529864,-2.1437671266666665,-0.3866570386046666,-0.22061851053298334,1.2356688905000002,-0.04954271824178333,-2.4927640516666667,2.3124969666666666,-0.7792224887599999,-0.6547852188468333,1.1010127580933333,0.5305424802771667,-0.4900229602525333,-0.4749848676486666,-0.31897226220235,-0.7888554883885001,-2.7512804816666665,0.17997156433668332,0.6187626814981666,-0.55785706937505,1.9681223518333333,0.15589467739939833,-0.09154447724251667,-1.1015952477000002,1.5056299818333334,1.4006371928333332,-0.0708789235712,0.5800255543985,-1.8550021735,1.2000536984999999,0.9045784183883334,-1.2181603768333333,-0.6629512349333333,0.006150140820616664,-1.9774175059999999,-0.7503930241991665,-1.2722783418916668,-1.7472346934999998,1.1875316965,-1.3650548621666667,-1.524996599,0.40205769651095,0.21691999604701667,1.3108142841666668,0.52940267116,0.3845937591816167,-1.280510045,-0.0953966836948,-0.41385316010943335,-0.644165683105,1.06168726855,-1.1068286445166666,-1.1204697758,-0.92171676186,-0.5795475859085001,-1.5014890886666665,-1.2198389928833333,0.6817184957616667,-1.2437292201666665,-0.7171415564333333,-0.8957017303745,-1.1402516315000002,0.06314189563751667,-1.4462007076666668,0.4962872698336667,-1.2380378399166665,0.6012148256393333,0.943766105765,-2.8970990733333335,-2.181999425,0.2763162098143333,-0.5623990028963334,0.7031832570816665,-0.19797235904321664,-2.397751808333333,-0.9342549186533333,-1.7411436674999998,-0.7659106636066667,-1.5652184578333332,-0.2998612117526167,-2.49901022,0.8080192546350001,1.0799232999833333,1.3330273765166667,-0.409386477297,0.4115740445065,-1.180198695
288,-0.3950794297970167,0.715973531665,2.0303477911666667,-2.1691351983333336,-0.36475129246093335,-0.23739525536438336,1.2104496565,-0.049924704095716664,-2.4881465633333333,2.317560343333333,-0.7811404525325,-0.6655568568876666,1.0723299864,0.5341429713954999,-0.49335168399833335,-0.5490160043665,-0.36781338247166667,-0.7810236668845,-2.72556334,0.20050104874863334,0.6450066988883333,-0.54785429371865,1.9360127006666668,0.14853458508525,-0.10663797954666665,-1.1214700667666666,1.4781761248333332,1.4172620573333334,-0.0857781939755,0.5439722824373333,-1.8564360074999997,1.1759736792,0.87557448303,-1.1741689384,-0.6800225456958333,0.024606558169566663,-1.9692795883333334,-0.7624165906783332,-1.2669883258333332,-1.7985719734999999,1.2017478875,-1.3525509821666666,-1.5238330791666668,0.3546278723771166,0.17259281328873333,1.2958706576666668,0.5020624495105,0.382576738975755,-1.2724734855,-0.12629364171541665,-0.41879156276449997,-0.5950131880501667,1.0058059490916667,-1.1148101768,-1.1196407084166666,-0.9086468875,-0.5541543680593333,-1.4926015746666668,-1.2197473706000002,0.6275717889823333,-1.2138355811666668,-0.6640336038358333,-0.8746342001850002,-1.1518799096666668,0.05395424372798334,-1.453588538666667,0.4085512694006667,-1.2486247863333333,0.5716500595548167,0.9372009922166665,-2.89702926,-2.2119187483333334,0.25102136994606666,-0.5668740799756666,0.6771628054605,-0.22670944913899999,-2.3751029116666666,-0.9682118868166667,-1.7898018569999998,-0.772504130555,-1.5576745453333334,-0.26793179332783335,-2.5168891683333334,0.8094660613865001,1.05432312475,1.3704461456666668,-0.4471454560889833,0.38986798227523334,-1.2210339964999999
296,-0.38867772761400005,0.7024960914749999,2.173563215,-2.1974040733333333,-0.32793034533849996,-0.289399988679735,1.1082583348265,-0.017786287915616667,-2.4032377316666667,2.2816076850000004,-0.7888538119450001,-0.6976888227158333,1.0259305453,0.5999461402206666,-0.49376985799433337,-0.7311803930133335,-0.5117533309691666,-0.7298837611884167,-2.545055811666667,0.26326304711366666,0.8279425256416666,-0.47373300339616664,1.7907845625,0.123823108854641,-0.11122893957063336,-1.1496889078333334,1.4240242203333333,1.528929446,-0.08646639283061668,0.455034683236,-1.8751007561666666,1.07770193125,0.7993725433345001,-1.01815866825,-0.7273724343566668,0.10028625724104999,-1.9137077586666666,-0.76967830016,-1.1885979918833334,-1.8837567670000002,1.2540111065000001,-1.2491785016666668,-1.4706633949999999,0.28570274723743333,0.03426127308876666,1.2601321711666666,0.40490260012905005,0.4344118468548666,-1.1933299530333334,-0.26697262123963333,-0.3827720300990166,-0.45917159359995,0.7967746419733334,-1.097062488,-1.0841710952499999,-0.7828360724573334,-0.4932848243818333,-1.5074360531666668,-1.1688924828,0.4249371154273333,-1.0841220254666666,-0.48979919049466664,-0.795812910109,-1.1231355582833333,0.04960439337941666,-1.3925418239999998,0.14354278006948334,-1.2638030736666666,0.45259078206105174,0.9935106618633333,-2.8602538233333337,-2.240743718333333,0.1814563028921667,-0.5636652099337167,0.6157437429141667,-0.26592731110118334,-2.2247956516666667,-1.0559013317388333,-1.9062034328333333,-0.7897702126588168,-1.5011766259999997,-0.16830468715333335,-2.486891115,0.8094341733441667,1.02150434475,1.4110689054999999,-0.5248640705808832,0.34222657131734996,-1.2991655575
305,-0.2938933374178983,0.7036308950511666,2.1759399150000003,-2.0610131281666666,-0.3839958082961667,-0.3239026168472667,1.0029706295999998,0.05965738335386667,-2.163313401666667,2.1436993021666666,-0.7875179301928334,-0.7029740391066668,1.08337739127,0.75071514471,-0.4469314081942167,-0.7104402309438332,-0.5651166521778167,-0.6621595031518334,-2.222000690333333,0.30294801888416667,1.11952024095,-0.33885459058199996,1.6344018371666664,0.10326826980174167,-0.013760054155499996,-1.0585551748833333,1.4405937306666667,1.685038749,0.01990444394543333,0.4651846809235,-1.8946653133333333,0.971913335249,0.7934405126583333,-0.9086858338793333,-0.7164330256500001,0.17117786111033334,-1.7805533118333332,-0.6911067004783332,-0.9929147423833334,-1.7157279120000002,1.2890525905,-1.0337716572333333,-1.3153190283333334,0.41904563335283335,-0.013473027639783334,1.2668668015,0.3309020793941667,0.5536023443558333,-1.032408363165,-0.43770064424433336,-0.23084908110016666,-0.44054375091283327,0.6319760047216667,-0.9930946096000001,-0.9898517416025,-0.49292780317,-0.50055507820595,-1.5765274966666663,-1.0086644883333333,0.26221841272133334,-0.9334563646143333,-0.4044633111516167,-0.7368129862399998,-0.9609884526849999,0.08579165711414999,-1.1719962638,0.04604667086328334,-1.195227612,0.328188384117,1.1327569869166667,-2.711084895,-2.1175829161666666,0.16194342245149998,-0.516013107606,0.6279153050033333,-0.17673077654996663,-1.9460542780000003,-1.05520962215,-1.8577216036666666,-0.7788431692466667,-1.3684681463333332,-0.10235720292398999,-2.257847255,0.7952213376999999,1.1176153941833333,1.2531774645,-0.47588649376199993,0.3605513482586667,-1.2164366233666666
309,-0.22739755408115003,0.6930282035583334,2.1206071723333335,-1.9468939733333332,-0.42739618984333333,-0.33274081435545005,0.9620297653516666,0.09724583224216667,-2.0153217018333334,2.061004817833333,-0.7787162574879999,-0.6913780918091668,1.1297242343,0.8269916767466666,-0.4065067337578333,-0.6408373639935,-0.5540082575353333,-0.6362392987021667,-2.0570657408333335,0.3134598058788333,1.24652693285,-0.27248749373893333,1.5751057486666669,0.09724569543873333,0.05344559425733333,-0.9767074309366666,1.4596355145000004,1.7395143608333334,0.08995967345636334,0.5005432746808333,-1.8926955291666667,0.9319192998883333,0.8126643941485833,-0.8838127602583333,-0.6893004980591668,0.19324264841383335,-1.6932413103333332,-0.6319176693851667,-0.8802679212116666,-1.5676428736666668,1.2902797203333334,-0.9141787909966667,-1.2192677835,0.5250748097892667,0.0043267382317999994,1.2826242198333335,0.31435541922825,0.6058930828715,-0.9470315884000001,-0.5078553618843333,-0.13386488146245,-0.47099568422836335,0.59292099304,-0.9278452505566666,-0.9345821937566667,-0.32582004302983336,-0.5164725693156333,-1.603232815,-0.908996325505,0.22151211821879996,-0.8685988991933333,-0.40408254488039996,-0.721623606438,-0.861750867705,0.10394931104211666,-1.0445783077966666,0.06781034186633333,-1.1311641982166667,0.2807536844802833,1.1906918685333334,-2.6049773666666667,-2.02996956,0.16682551447346666,-0.4824512992057334,0.6553879741571667,-0.106998270448,-1.797874624666667,-1.0220993833366667,-1.7761056984999999,-0.7613372978191667,-1.285646041,-0.08026989787700001,-2.1052893225,0.7869477531933333,1.1939936323833333,1.1373053882416668,-0.41976977066183335,0.38496811279,-1.1353759843666666
313,-0.1533025721883833,0.6705017523383501,2.0371027161666664,-1.8098028436666667,-0.47053108963746665,-0.33801088142383334,0.9252991016550001,0.1316423593914083,-1.8532582144999996,1.9735964151666667,-0.763199172625,-0.6706962312774167,1.1789436437666667,0.8983245888000001,-0.35616010273355203,-0.5493394250813334,-0.5251693274620001,-0.6146466744265,-1.8916761001666667,0.3205352359843333,1.3559293821433334,-0.20964949921040002,1.5225630785,0.09377721391418334,0.12599757668083336,-0.8756288696219999,1.4789905488333335,1.7737616761666668,0.16316060493816667,0.5477461665594476,-1.880927018333333,0.8993506536633334,0.8400769972733333,-0.8706684138901666,-0.65256897156,0.20878028206583335,-1.5915839711666668,-0.5644259543543333,-0.7618621192733334,-1.3957207964999998,1.28030898045,-0.7890407615606667,-1.1132247227333334,0.6422911458245,0.041958068707233336,1.3028511125,0.30903788190066667,0.649804561535,-0.8601616515100001,-0.5689992747131667,-0.028113982038216665,-0.5165806363621667,0.5754150826817332,-0.8573553964666667,-0.874711256735,-0.14908618451558334,-0.5306256267882,-1.6179667949999996,-0.8000200284283334,0.20102538645553333,-0.8067065286683333,-0.42042446220616664,-0.7110583958754999,-0.758146484683,0.11767896163844999,-0.9151167213133333,0.120444935189,-1.0500324226,0.24035589290069667,1.2362531869000002,-2.4804148083333333,-1.9356233108333332,0.17538592823208335,-0.44482395493033333,0.691618242728,-0.030143388833649996,-1.6465496305,-0.9717933845916666,-1.6652047208333334,-0.7372323257616666,-1.1928883996000001,-0.0581731478135,-1.9362354489999998,0.7797660489283335,1.28045363815,1.0120937386466666,-0.35205361166533333,0.4127566265291166,-1.0403907789833333
322,0.00670303682665,0.5786772194585,1.7897025826666668,-1.4731205168333332,-0.5287479798213334,-0.33658945970645004,0.8603462070400001,0.1849075114552833,-1.4942934271666666,1.7898491109666665,-0.7038423609745,-0.5967606980876333,1.2709543477166667,1.0079507661466667,-0.22713359948245,-0.32354519445866664,-0.41472030263936677,-0.5807929084911667,-1.5629159705666666,0.3225169738525,1.4979600709333336,-0.1058935909678,1.4239728344666667,0.09635708148966665,0.2724048210015,-0.6173493935346667,1.5086359491666668,1.7575101328333333,0.30066314189166665,0.6648183860903334,-1.819393372,0.8614697136000001,0.9099022585899998,-0.8691598734711666,-0.5583452040700501,0.22338505575966663,-1.3402164626,-0.4128963205307167,-0.5160944019068333,-1.0182201705566667,1.2162120758678334,-0.5268436475165,-0.8718121380843333,0.886715079992,0.17125183746145,1.3482950798166666,0.33635939081099997,0.7083017861726667,-0.6860706831888335,-0.6553122651878334,0.19755759865966666,-0.6375470739076666,0.5995173180665,-0.7022078547041667,-0.7379196607578333,0.21909239494983335,-0.52884468694575,-1.5931068045,-0.5612945998796667,0.21688856043983332,-0.6864866415416666,-0.4852389816925,-0.6929693542700001,-0.5521046522886,0.12155844420421666,-0.6732905195036666,0.30426549832929994,-0.8369288052299999,0.18069035812083334,1.2855881220166667,-2.178323295,-1.7412386768333332,0.19436980348333335,-0.3629612009669167,0.7846261529926668,0.12729851139283335,-1.3450068208500001,-0.8149132310366667,-1.3573676027833332,-0.6716766658681667,-0.9799708490712667,-0.0021636869598833357,-1.558198183783333,0.7731410816123333,1.4671617821666665,0.762298161094,-0.19246623995581663,0.4632484799305,-0.8287873124883333
