{"01": "Connecticut", "13": "Maine", "25": "Illinois", "37": "South Dakota", "49": "California", "02": "Pennsylvania", "14": "West Virginia", "26": "Michigan", "38": "North Dakota", "50": "Alaska", "03": "Massachusetts", "15": "North Carolina", "27": "Wisconsin", "39": "Montana", "51": "Hawaii", "04": "New Jersey", "16": "South Carolina", "28": "Minnesota", "40": "Wyoming", "52": "British Columbia", "05": "Rhode Island", "17": "Georgia", "29": "Iowa", "41": "Colorado", "53": "Saskatchewan", "06": "Maryland", "18": "Florida", "30": "Missouri", "42": "New Mexico", "54": "District of Columbia", "07": "Vermont", "19": "Alabama", "31": "Arkansas", "43": "Arizona", "55": "Manitoba", "08": "New York", "20": "Mississippi", "32": "Louisiana", "44": "Utah", "56": "Ontario", "09": "Virginia", "21": "Tennessee", "33": "Texas", "45": "Idaho", "57": "Quebec", "10": "USDAIBARC", "22": "Kentucky", "34": "Oklahoma", "46": "Washington", "58": "Alberta", "11": "Delaware", "23": "Ohio", "35": "Kansas", "47": "Oregon", "59": "Nova Scotia", "12": "New Hampshire", "24": "Indiana", "36": "Nebraska", "48": "Nevada"}